json_filename, nombre d'offres
2025-03-02--18h36__extraction_occurence_1.json,13419
2025-04-09--14h19__extraction_occurence_2.json,26604
2025-04-12--21h41__extraction_occurence_3.json,29412
2025-04-24--02h39__extraction_occurence_4.json,35664
2025-05-09--09h24__extraction_occurence_5.json,43546
2025-05-16--19h15__extraction_occurence_6.json,47594
2025-05-21--20h06__extraction_occurence_7.json,50617
2025-06-12--18h12__extraction_occurence_8.json,61116
2025-06-17--00h39__extraction_occurence_9.json,63200
2025-06-18--22h55__extraction_occurence_10.json,64764
2025-06-20--00h57__extraction_occurence_11.json,65824
2025-06-28--00h21__extraction_occurence_12.json,71355
2025-07-04--19h39__extraction_occurence_13.json,76392
2025-07-06--08h26__extraction_occurence_14.json,77135
2025-07-06--17h27__extraction_occurence_15.json,77139
2025-07-06--19h05__extraction_occurence_16.json,77139
2025-07-06--19h43__extraction_occurence_17.json,77139
2025-07-06--21h14__extraction_occurence_18.json,77139
2025-07-07--12h30__extraction_occurence_19.json,77441
2025-07-07--16h11__extraction_occurence_20.json,77698
2025-07-07--19h56__extraction_occurence_21.json,77716
2025-07-08--13h24__extraction_occurence_22.json,78068
2025-07-09--20h35__extraction_occurence_23.json,79306
2025-07-10--01h06__extraction_occurence_24.json,79328
2025-07-10--08h46__extraction_occurence_25.json,79448
2025-07-10--21h10__extraction_occurence_26.json,80889
2025-07-11--23h26__extraction_occurence_27.json,82003
2025-07-12--12h52__extraction_occurence_28.json,82654
2025-07-12--19h56__extraction_occurence_29.json,82789
2025-07-12--22h38__extraction_occurence_30.json,82789
2025-07-13--19h36__extraction_occurence_31.json,84195
2025-07-14--21h52__extraction_occurence_32.json,84229
2025-07-15--21h04__extraction_occurence_33.json,84575
2025-07-16--19h37__extraction_occurence_34.json,85585
2025-07-17--20h09__extraction_occurence_35.json,86365
2025-07-17--20h49__extraction_occurence_36.json,86365
2025-07-18--23h30__extraction_occurence_37.json,87480
2025-07-19--20h28__extraction_occurence_38.json,87480
2025-07-19--21h15__extraction_occurence_39.json,87480
2025-07-19--21h28__extraction_occurence_40.json,87480
2025-07-19--21h47__extraction_occurence_41.json,87480
2025-07-20--00h43__extraction_occurence_42.json,87480
2025-07-20--21h54__extraction_occurence_43.json,87938
2025-07-21--20h13__extraction_occurence_44.json,88188
2025-07-22--16h03__extraction_occurence_45.json,89108
2025-07-22--19h40__extraction_occurence_46.json,89340
2025-07-23--01h13__extraction_occurence_47.json,89641
2025-07-23--12h18__extraction_occurence_48.json,91509
2025-07-23--22h33__extraction_occurence_49.json,91811
2025-07-24--18h46__extraction_occurence_50.json,92864
2025-07-24--19h36__extraction_occurence_51.json,92864
2025-07-24--20h03__extraction_occurence_52.json,92864
2025-07-25--19h38__extraction_occurence_53.json,93288
2025-07-26--21h33__extraction_occurence_54.json,94277
2025-07-27--19h37__extraction_occurence_55.json,94385
2025-07-28--20h36__extraction_occurence_56.json,94582
2025-07-30--19h36__extraction_occurence_57.json,97343
2025-07-31--08h48__extraction_occurence_58.json,97653
2025-07-31--10h03__extraction_occurence_59.json,97800
2025-07-31--20h17__extraction_occurence_60.json,98456
2025-08-01--19h53__extraction_occurence_61.json,98869
2025-08-02--21h40__extraction_occurence_62.json,99699
2025-08-03--19h36__extraction_occurence_63.json,99810
2025-08-05--00h01__extraction_occurence_64.json,99970
2025-08-05--21h45__extraction_occurence_65.json,101103
2025-08-06--19h37__extraction_occurence_66.json,101535
2025-08-07--19h41__extraction_occurence_67.json,102366
2025-08-09--00h19__extraction_occurence_68.json,103449
2025-08-09--20h21__extraction_occurence_69.json,104046
2025-08-10--21h17__extraction_occurence_70.json,104624
2025-08-11--22h26__extraction_occurence_71.json,104881
2025-08-12--19h38__extraction_occurence_72.json,104988
2025-08-13--21h03__extraction_occurence_73.json,105101
2025-08-15--15h03__extraction_occurence_74.json,106999
2025-08-15--19h42__extraction_occurence_75.json,107291
2025-08-18--10h55__extraction_occurence_76.json,108320
2025-08-18--21h26__extraction_occurence_77.json,108389
2025-08-20--12h59__extraction_occurence_78.json,110306
2025-08-22--13h54__extraction_occurence_79.json,112015
2025-08-24--23h56__extraction_occurence_80.json,112148
2025-08-25--19h36__extraction_occurence_81.json,112267
2025-08-26--19h35__extraction_occurence_82.json,112448
2025-08-27--19h59__extraction_occurence_83.json,114152
2025-08-29--20h00__extraction_occurence_84.json,117015
2025-08-30--19h35__extraction_occurence_85.json,117982
2025-08-31--20h57__extraction_occurence_86.json,118151
2025-09-01--19h36__extraction_occurence_87.json,118357
2025-09-02--19h36__extraction_occurence_88.json,119531
2025-09-04--01h11__extraction_occurence_89.json,120437
2025-09-04--19h35__extraction_occurence_90.json,121577
2025-09-07--14h56__extraction_occurence_91.json,123469
2025-09-07--19h35__extraction_occurence_92.json,123481
2025-09-08--19h38__extraction_occurence_93.json,123724
2025-09-09--19h37__extraction_occurence_94.json,124744
2025-09-10--19h36__extraction_occurence_95.json,125882
2025-09-12--21h17__extraction_occurence_96.json,127877
2025-09-13--21h30__extraction_occurence_97.json,129253
2025-09-14--19h42__extraction_occurence_98.json,130326
2025-09-20--19h37__extraction_occurence_99.json,134641
2025-09-21--19h37__extraction_occurence_100.json,135534
2025-09-23--19h36__extraction_occurence_101.json,136883
2025-09-25--19h36__extraction_occurence_102.json,138336
2025-09-27--19h36__extraction_occurence_103.json,139398
2025-09-30--01h32__extraction_occurence_104.json,140238
2025-10-02--09h29__extraction_occurence_105.json,142758
2025-10-02--19h36__extraction_occurence_106.json,143374
2025-10-03--22h40__extraction_occurence_107.json,144459
2025-10-05--20h52__extraction_occurence_108.json,145983
2025-10-07--19h36__extraction_occurence_109.json,147660
2025-10-08--19h36__extraction_occurence_110.json,148364
2025-10-10--20h40__extraction_occurence_111.json,150396
2025-10-11--19h36__extraction_occurence_112.json,151916
2025-10-14--01h49__extraction_occurence_113.json,152296
2025-10-16--19h36__extraction_occurence_114.json,154765
2025-10-17--20h11__extraction_occurence_115.json,156751
2025-10-18--19h36__extraction_occurence_116.json,157783
2025-10-24--19h36__extraction_occurence_117.json,161468
2025-10-27--19h37__extraction_occurence_118.json,163947
2025-10-28--15h43__extraction_occurence_119.json,164656
2025-10-28--19h50__extraction_occurence_120.json,164765
2025-10-28--20h05__extraction_occurence_121.json,164766
2025-10-28--20h32__extraction_occurence_122.json,164770
2025-12-27--18h54__extraction_occurence_123.json,198489
2025-12-28--13h03__extraction_occurence_124.json,198627
2025-12-28--19h37__extraction_occurence_125.json,198631
